,acc,f1,rec,prec,auc,mae,mse,ccc,krcc,pcc,r2s,rse,scc
0,0.7906976938247681,0.8085106611251831,0.7916666865348816,0.8260869383811951,0.875,0.5278658936329177,0.5190479565248256,0.7004081854805663,0.5688939094543457,0.7556391655227415,0.5632796077524296,0.4367203922475704,0.7553541938030541
