,acc,f1,rec,prec,auc,mae,mse,ccc,krcc,pcc,r2s,rse,scc
0,0.7685834765434265,0.6808510422706604,0.6423357725143433,0.7242798209190369,0.815863847732544,0.5567572659002936,0.5249100253554515,0.6073674056635252,0.4485589265823364,0.6624331284649648,0.4357624391237236,0.5642375608762764,0.6198427111005508
