,acc,f1,rec,prec,auc,mae,mse,ccc,krcc,pcc,r2s,rse,scc
0,0.7777777910232544,0.8373983502388,0.8306451439857483,0.8442623019218445,0.8271889686584473,0.6815921590078181,0.7333067619542561,0.6717691409497897,0.4802892506122589,0.7058869845584733,0.4826157435085675,0.5173842564914325,0.6576777809021056
