,acc,f1,rec,prec,auc,mae,mse,ccc,krcc,pcc,r2s,rse,scc
0,0.6774193644523621,0.6000000238418579,0.5263158082962036,0.6976743936538696,0.7412935495376587,0.5439193194700302,0.49409553884424906,0.4678280491439767,0.3807593584060669,0.5135452685228895,0.23342652769661643,0.7665734723033836,0.5488799544535098
