,acc,f1,rec,prec,auc,mae,mse,ccc,krcc,pcc,r2s,rse,scc
0,0.8837209343910217,0.9019607901573181,0.9583333134651184,0.8518518805503845,0.9407894015312195,0.48608724130782427,0.4392194561257815,0.8015330169275975,0.6157439947128296,0.8072434877554022,0.6450571622071053,0.3549428377928947,0.8058169002197398
