,acc,f1,rec,prec,auc,mae,mse,ccc,krcc,pcc,r2s,rse,scc
0,0.8022440671920776,0.6817155480384827,0.6593886613845825,0.7056074738502502,0.8601898550987244,0.43543056422594556,0.3170484543121572,0.7464822365772729,0.49269551038742065,0.7615265022043196,0.5748969788015887,0.42510302119841126,0.6746537073884614
