,acc,f1,rec,prec,auc,mae,mse,ccc,krcc,pcc,r2s,rse,scc
0,0.7096773982048035,0.6538461446762085,0.5762711763381958,0.7555555701255798,0.765058696269989,0.4583410940216128,0.37740972709142706,0.6203265268996484,0.4498927593231201,0.624797743195719,0.3004849834992166,0.6995150165007834,0.6128236807482966
