,acc,f1,rec,prec,auc,mae,mse,ccc,krcc,pcc,r2s,rse,scc
0,0.75,0.8163265585899353,0.9174311757087708,0.7352941036224365,0.8108282685279846,0.7312964050836666,0.8282245323044012,0.6894405538498792,0.5142403244972229,0.7106039968917265,0.49773512457834823,0.5022648754216518,0.7087446666531022
