,acc,f1,rec,prec,auc,mae,mse,ccc,krcc,pcc,r2s,rse,scc
0,0.6048387289047241,0.6141732335090637,0.6610169410705566,0.5735294222831726,0.6558017730712891,0.5895478719357731,0.6300736040521926,0.1900900568417722,0.22041195631027222,0.23879519939586422,-0.015831963388014847,1.0158319633880148,0.328741945117049
