,acc,f1,rec,prec,auc,mae,mse,ccc,krcc,pcc,r2s,rse,scc
0,0.7441860437393188,0.7924528121948242,0.875,0.7241379022598267,0.6622807383537292,0.6339657908824289,0.5401892849348412,0.33904880798140735,0.3011791408061981,0.4900633882080331,0.23150121801196555,0.7684987819880345,0.45658173290785664
