,acc,f1,rec,prec,auc,mae,mse,ccc,krcc,pcc,r2s,rse,scc
0,0.7111111283302307,0.6438356041908264,0.5802469253540039,0.7230769395828247,0.797106921672821,0.6705174317283062,0.7404554769096664,0.4677492343628428,0.37856045365333557,0.5832212910224281,0.3320631278544487,0.6679368721455513,0.5456051345088153
