,acc,f1,rec,prec,auc,mae,mse,ccc,krcc,pcc,r2s,rse,scc
0,0.7237026691436768,0.7576875686645508,0.791773796081543,0.7264150977134705,0.7749531865119934,0.6328505150441808,0.6792979405237554,0.49580157812889114,0.4044617712497711,0.5973277225287771,0.3519605237345774,0.6480394762654226,0.5781448852762449
