,acc,f1,rec,prec,auc,mae,mse,ccc,krcc,pcc,r2s,rse,scc
0,0.8604651093482971,0.8888888955116272,0.8571428656578064,0.9230769276618958,0.9119046926498413,0.4532101175615372,0.33820034400884463,0.7016205163299659,0.5488153100013733,0.7651927021681442,0.5694371585666833,0.43056284143331663,0.733220102515496
