,acc,f1,rec,prec,auc,mae,mse,ccc,krcc,pcc,r2s,rse,scc
0,0.8008415102958679,0.8285024166107178,0.8511165976524353,0.8070588111877441,0.8784119486808777,0.4950685843333054,0.43235561944600726,0.7545217908390943,0.5615924000740051,0.7796710750498218,0.603906399074259,0.396093600925741,0.7550098435228686
