,acc,f1,rec,prec,auc,mae,mse,ccc,krcc,pcc,r2s,rse,scc
0,0.7016128897666931,0.7412587404251099,0.7681159377098083,0.7162162065505981,0.7884057760238647,0.5122842837709621,0.41361454698221084,0.5701491517914336,0.41545748710632324,0.5861965130594889,0.30236544491400996,0.69763455508599,0.5943144001291284
