,acc,f1,rec,prec,auc,mae,mse,ccc,krcc,pcc,r2s,rse,scc
0,0.7388888597488403,0.71856290102005,0.7058823704719543,0.7317073345184326,0.8248916268348694,0.5443482965005596,0.4937977535626653,0.6592763827142937,0.4918549954891205,0.6870794456535354,0.45416966930133307,0.545830330698667,0.6714337599183208
