,acc,f1,rec,prec,auc,mae,mse,ccc,krcc,pcc,r2s,rse,scc
0,0.6690042018890381,0.6943005323410034,0.7382920384407043,0.6552567481994629,0.7238803505897522,0.5430511662648236,0.47419940471737615,0.6177981563871998,0.3712194263935089,0.7116190571431915,0.48764017066528,0.51235982933472,0.5246994859351555
