,acc,f1,rec,prec,auc,mae,mse,ccc,krcc,pcc,r2s,rse,scc
0,0.7016128897666931,0.7885714173316956,0.8414633870124817,0.7419354915618896,0.7232868075370789,0.4580393401930041,0.356025568490362,0.46397916483913043,0.3137288987636566,0.5478455519771833,0.2940333821070401,0.7059666178929599,0.4444084256535315
