,acc,f1,rec,prec,auc,mae,mse,ccc,krcc,pcc,r2s,rse,scc
0,0.8611111044883728,0.6753246784210205,0.7428571581840515,0.6190476417541504,0.8807881474494934,0.7438049264949517,0.7983384791179279,0.5291411429562634,0.43638917803764343,0.7060554559723752,0.320710444172128,0.679289555827872,0.5962141735386292
