,acc,f1,rec,prec,auc,mae,mse,ccc,krcc,pcc,r2s,rse,scc
0,0.6744186282157898,0.7307692170143127,0.7916666865348816,0.6785714030265808,0.6820175647735596,0.6257437130712762,0.6342012055415239,0.12117819170794644,0.12047165632247925,0.17562530215305497,-0.03233357189574093,1.032333571895741,0.15894241661782438
