,acc,f1,rec,prec,auc,mae,mse,ccc,krcc,pcc,r2s,rse,scc
0,0.6976743936538696,0.800000011920929,0.8965517282485962,0.7222222089767456,0.6650245785713196,0.4924251912909703,0.3407132518966327,0.5515294134911372,0.31456488370895386,0.5791480621862671,0.29939308980681045,0.7006069101931895,0.4798489688005801
