,acc,f1,rec,prec,auc,mae,mse,ccc,krcc,pcc,r2s,rse,scc
0,0.791023850440979,0.712909460067749,0.7142857313156128,0.7115384340286255,0.8606382012367249,0.4626855768425819,0.3386507296016212,0.68539947313897,0.5022180676460266,0.7214022219394912,0.5148854632349908,0.4851145367650092,0.6929731531023963
