,acc,f1,rec,prec,auc,mae,mse,ccc,krcc,pcc,r2s,rse,scc
0,0.6935483813285828,0.7397260069847107,0.7397260069847107,0.7397260069847107,0.7974750995635986,0.45855419360580285,0.3427189803403181,0.5892109720497266,0.4220291078090668,0.6215097577843829,0.3760090815554613,0.6239909184445387,0.5860716172790006
