,acc,f1,rec,prec,auc,mae,mse,ccc,krcc,pcc,r2s,rse,scc
0,0.8999999761581421,0.942307710647583,0.9363057613372803,0.948387086391449,0.9185822010040283,0.5439730970205496,0.43744476391776654,0.6990973273462581,0.5720690488815308,0.7867137227113697,0.5237847043248292,0.47621529567517074,0.754730997102523
