,acc,f1,rec,prec,auc,mae,mse,ccc,krcc,pcc,r2s,rse,scc
0,0.6976743936538696,0.7547169923782349,0.6896551847457886,0.8333333134651184,0.802955687046051,0.5190216828171333,0.38854645398054966,0.5928172221754492,0.4551151394844055,0.6464106157516722,0.3894551686287234,0.6105448313712766,0.6320680607610916
