,acc,f1,rec,prec,auc,mae,mse,ccc,krcc,pcc,r2s,rse,scc
0,0.7722222208976746,0.7897436022758484,0.7777777910232544,0.8020833134651184,0.8412520289421082,0.5915317606831025,0.6292706072923989,0.7417220218663972,0.4939691722393036,0.7826309954725068,0.6069284515877496,0.3930715484122504,0.6783559907949921
