,acc,f1,rec,prec,auc,mae,mse,ccc,krcc,pcc,r2s,rse,scc
0,0.774193525314331,0.8108108043670654,0.8108108043670654,0.8108108043670654,0.8664864897727966,0.46245111279782697,0.36392214434644715,0.6210152320548863,0.4756534695625305,0.7032497969714371,0.46215945127653424,0.5378405487234658,0.6506762769065584
