,acc,f1,rec,prec,auc,mae,mse,ccc,krcc,pcc,r2s,rse,scc
0,0.7559607028961182,0.7193548679351807,0.6798780560493469,0.7636986374855042,0.8451694846153259,0.4817281512839291,0.36172405401283714,0.7940677483438165,0.5308725833892822,0.8206490513384281,0.6639422229834985,0.3360577770165015,0.7171789660767964
