,acc,f1,rec,prec,auc,mae,mse,ccc,krcc,pcc,r2s,rse,scc
0,0.7377278804779053,0.7055118083953857,0.6706587076187134,0.7441860437393188,0.8317942023277283,0.5608910244141078,0.5038706039387018,0.637516532949218,0.5204119086265564,0.71862528439921,0.5018050445244022,0.4981949554755978,0.7057732014907003
