,acc,f1,rec,prec,auc,mae,mse,ccc,krcc,pcc,r2s,rse,scc
0,0.6854838728904724,0.6829268336296082,0.6268656849861145,0.75,0.7457449436187744,0.5275921925354585,0.41982842389845515,0.4723653526838749,0.3739248812198639,0.5323251306439158,0.2731600805572999,0.7268399194427001,0.5397464852549336
