,acc,f1,rec,prec,auc,mae,mse,ccc,krcc,pcc,r2s,rse,scc
0,0.7055555582046509,0.7601810097694397,0.7850467562675476,0.7368420958518982,0.7978491187095642,0.7271085569329229,0.799191659773117,0.6643294835090654,0.4754391014575958,0.6943408859848765,0.4790476359723824,0.5209523640276176,0.6619661070456796
