,acc,f1,rec,prec,auc,mae,mse,ccc,krcc,pcc,r2s,rse,scc
0,0.8139534592628479,0.8260869383811951,0.9047619104385376,0.7599999904632568,0.8982683420181274,0.5388175132190806,0.4458118330315251,0.7163203641702612,0.6001273393630981,0.7819836911911408,0.57485640293594,0.42514359706406,0.7735600504593734
