,acc,f1,rec,prec,auc,mae,mse,ccc,krcc,pcc,r2s,rse,scc
0,0.7545582056045532,0.7018739581108093,0.6866666674613953,0.7177700400352478,0.8238497972488403,0.5239983758930234,0.43988950368578444,0.6502646066278709,0.4886515438556671,0.7006558015532597,0.49022787010551994,0.5097721298944801,0.670719966476191
