,acc,f1,rec,prec,auc,mae,mse,ccc,krcc,pcc,r2s,rse,scc
0,0.800000011920929,0.8646616339683533,0.9055117964744568,0.8273381590843201,0.8753528594970703,0.6717628170890044,0.6902722455794582,0.6192519803056449,0.5006847381591797,0.6960189180326658,0.4573736439451429,0.5426263560548572,0.6888988118106358
