,acc,f1,rec,prec,auc,mae,mse,ccc,krcc,pcc,r2s,rse,scc
0,0.7419354915618896,0.8072289228439331,0.8170731663703918,0.7976190447807312,0.7653890252113342,0.6118609672984338,0.57522229148732,0.4743529640727964,0.41887474060058594,0.5921295864950745,0.30222846214009946,0.6977715378599005,0.5998347671085573
