,acc,f1,rec,prec,auc,mae,mse,ccc,krcc,pcc,r2s,rse,scc
0,0.8604651093482971,0.90625,0.90625,0.90625,0.8295454382896423,0.5037805768604504,0.4606599427713817,0.5630471051688472,0.3993412256240845,0.661212139400129,0.39161678468432215,0.6083832153156778,0.5560718292413522
