,acc,f1,rec,prec,auc,mae,mse,ccc,krcc,pcc,r2s,rse,scc
0,0.6777777671813965,0.7542372941970825,0.8811880946159363,0.6592592597007751,0.7567365169525146,0.8267335342424992,1.0244797327728934,0.5208594063926084,0.3362770974636078,0.5984834459606682,0.33210944331184467,0.6678905566881553,0.4897159395843706
