,acc,f1,rec,prec,auc,mae,mse,ccc,krcc,pcc,r2s,rse,scc
0,0.7441860437393188,0.7843137383460999,1.0,0.6451612710952759,0.9108695983886719,0.6869736638302448,0.7194826708742507,0.5883578044663365,0.5064271688461304,0.7335572631149799,0.41993311775772335,0.5800668822422766,0.7012654246498401
