,acc,f1,rec,prec,auc,mae,mse,ccc,krcc,pcc,r2s,rse,scc
0,0.6928471326828003,0.6439024209976196,0.7795275449752808,0.5484764575958252,0.7752431631088257,0.5983414712855456,0.5807256772283715,0.5066329028251161,0.3723151385784149,0.6034626173602822,0.31977291646436945,0.6802270835356306,0.5309994703078824
