,acc,f1,rec,prec,auc,mae,mse,ccc,krcc,pcc,r2s,rse,scc
0,0.6774193644523621,0.5555555820465088,0.7142857313156128,0.4545454680919647,0.679614782333374,0.6764112147709653,0.7712135358036781,0.24348553998955422,0.2650989294052124,0.2911259840575509,-0.14846441256942167,1.1484644125694217,0.39627674251989087
